tamanho;cenario;algoritmo;execucao;comparacoes;movimentacoes;tempo_ms;ordenado
100000;Ordenado;Bubble Sort;1;99999;0;2.809456;sim
100000;Ordenado;InsertionSort;1;99999;200000;4.994361;sim
100000;Ordenado;Selection Sort;1;4999950000;0;1233.826382;sim
100000;Ordenado;Merch Sort;1;0;1668928;4.779126;sim
100000;Ordenado;Quick Sort;1;1600016;0;5.657058;sim
100000;Ordenado;Heap Sort;1;249995;599991;2.594118;nao
100000;Ordenado;Shell Sort;1;1500006;3000012;7.518200;sim
100000;Ordenado;Bubble Sort;2;99999;0;0.281509;sim
100000;Ordenado;InsertionSort;2;99999;200000;0.497141;sim
100000;Ordenado;Selection Sort;2;4999950000;0;1216.000012;sim
100000;Ordenado;Merch Sort;2;0;1668928;0.649232;sim
100000;Ordenado;Quick Sort;2;1600016;0;4.136943;sim
100000;Ordenado;Heap Sort;2;249995;599991;0.320960;nao
100000;Ordenado;Shell Sort;2;1500006;3000012;0.724492;sim
100000;Ordenado;Bubble Sort;3;99999;0;0.073426;sim
100000;Ordenado;InsertionSort;3;99999;200000;0.098670;sim
100000;Ordenado;Selection Sort;3;4999950000;0;896.213553;sim
100000;Ordenado;Merch Sort;3;0;1668928;0.626120;sim
100000;Ordenado;Quick Sort;3;1600016;0;0.810597;sim
100000;Ordenado;Heap Sort;3;249995;599991;0.314944;nao
100000;Ordenado;Shell Sort;3;1500006;3000012;0.606010;sim
100000;Invertido;Bubble Sort;1;4999950000;14999850000;5836.343614;sim
100000;Invertido;InsertionSort;1;9999900000;200000;3310.152518;sim
100000;Invertido;Selection Sort;1;4999950000;150000;3577.866681;sim
100000;Invertido;Merch Sort;1;0;1668928;0.658201;nao
100000;Invertido;Quick Sort;1;1600030;150000;4.978117;sim
100000;Invertido;Heap Sort;1;149998;300000;0.142524;nao
100000;Invertido;Shell Sort;1;3089145;3000012;11.970547;sim
100000;Invertido;Bubble Sort;2;4999950000;14999850000;5529.638886;sim
100000;Invertido;InsertionSort;2;9999900000;200000;3282.405027;sim
100000;Invertido;Selection Sort;2;4999950000;150000;7683.017662;sim
100000;Invertido;Merch Sort;2;0;1668928;0.607090;nao
100000;Invertido;Quick Sort;2;1600030;150000;1.014971;sim
100000;Invertido;Heap Sort;2;149998;300000;0.133253;nao
100000;Invertido;Shell Sort;2;3089145;3000012;4.211462;sim
100000;Invertido;Bubble Sort;3;4999950000;14999850000;5504.216485;sim
100000;Invertido;InsertionSort;3;9999900000;200000;3285.624365;sim
100000;Invertido;Selection Sort;3;4999950000;150000;3592.899386;sim
100000;Invertido;Merch Sort;3;0;1668928;0.751694;nao
100000;Invertido;Quick Sort;3;1600030;150000;1.234355;sim
100000;Invertido;Heap Sort;3;149998;300000;0.132337;nao
100000;Invertido;Shell Sort;3;3089145;3000012;1.761389;sim
100000;Aleatorio;Bubble Sort;1;4999740372;7505218917;10450.622854;sim
100000;Aleatorio;InsertionSort;1;5003579265;200000;1643.180104;sim
100000;Aleatorio;Selection Sort;1;4999950000;299976;3680.770969;sim
100000;Aleatorio;Merch Sort;1;0;1668928;0.630090;nao
100000;Aleatorio;Quick Sort;1;2262665;1158744;13.059634;sim
100000;Aleatorio;Heap Sort;1;180545;391641;0.319221;nao
100000;Aleatorio;Shell Sort;1;7260511;3000012;9.599520;sim
100000;Aleatorio;Bubble Sort;2;4999780929;7480541109;10475.413626;sim
100000;Aleatorio;InsertionSort;2;4987127391;200000;1636.131585;sim
100000;Aleatorio;Selection Sort;2;4999950000;299973;3697.313833;sim
100000;Aleatorio;Merch Sort;2;0;1668928;0.649272;nao
100000;Aleatorio;Quick Sort;2;2273861;1158612;7.287722;sim
100000;Aleatorio;Heap Sort;2;180735;392211;0.390585;nao
100000;Aleatorio;Shell Sort;2;6954698;3000012;9.542019;sim
100000;Aleatorio;Bubble Sort;3;4999667624;7504295604;10455.737773;sim
100000;Aleatorio;InsertionSort;3;5002963723;200000;1800.984610;sim
100000;Aleatorio;Selection Sort;3;4999950000;299958;3691.348019;sim
100000;Aleatorio;Merch Sort;3;0;1668928;0.634163;nao
100000;Aleatorio;Quick Sort;3;2251007;1164957;7.262803;sim
100000;Aleatorio;Heap Sort;3;180747;392247;0.344114;nao
100000;Aleatorio;Shell Sort;3;7213260;3000012;9.518934;sim
1000000;Ordenado;Bubble Sort;1;999999;0;0.189421;sim
1000000;Ordenado;InsertionSort;1;999999;2000000;1.113917;sim
1000000;Ordenado;Selection Sort;1;499999500000;0;286493.113445;sim
1000000;Ordenado;Merch Sort;1;0;19951424;6.756531;sim
1000000;Ordenado;Quick Sort;1;19000019;0;10.012600;sim
1000000;Ordenado;Heap Sort;1;2499995;5999991;2.110466;nao
1000000;Ordenado;Shell Sort;1;18000007;36000014;14.882126;sim
1000000;Ordenado;Bubble Sort;2;999999;0;0.182848;sim
1000000;Ordenado;InsertionSort;2;999999;2000000;1.125400;sim
1000000;Ordenado;Selection Sort;2;499999500000;0;287489.914434;sim
1000000;Ordenado;Merch Sort;2;0;19951424;10.676958;sim
1000000;Ordenado;Quick Sort;2;19000019;0;10.163133;sim
1000000;Ordenado;Heap Sort;2;2499995;5999991;2.138133;nao
1000000;Ordenado;Shell Sort;2;18000007;36000014;14.690174;sim
1000000;Ordenado;Bubble Sort;3;999999;0;0.186052;sim
1000000;Ordenado;InsertionSort;3;999999;2000000;1.115634;sim
1000000;Ordenado;Selection Sort;3;499999500000;0;771836.205330;sim
1000000;Ordenado;Merch Sort;3;0;19951424;6.628523;sim
1000000;Ordenado;Quick Sort;3;19000019;0;10.059056;sim
1000000;Ordenado;Heap Sort;3;2499995;5999991;2.118431;nao
1000000;Ordenado;Shell Sort;3;18000007;36000014;14.465841;sim
1000000;Invertido;Bubble Sort;1;499999500000;1499998500000;557280.392282;sim
1000000;Invertido;InsertionSort;1;999999000000;2000000;364578.551098;sim
1000000;Invertido;Selection Sort;1;499999500000;1500000;771178.846042;sim
1000000;Invertido;Merch Sort;1;0;19951424;6.843499;nao
1000000;Invertido;Quick Sort;1;19000036;1500000;10.928884;sim
1000000;Invertido;Heap Sort;1;1499998;3000000;1.327034;nao
1000000;Invertido;Shell Sort;1;35715034;36000014;20.393404;sim
1000000;Invertido;Bubble Sort;2;499999500000;1499998500000;555562.420699;sim
1000000;Invertido;InsertionSort;2;999999000000;2000000;362450.913816;sim
1000000;Invertido;Selection Sort;2;499999500000;1500000;775194.619792;sim
1000000;Invertido;Merch Sort;2;0;19951424;6.810708;nao
1000000;Invertido;Quick Sort;2;19000036;1500000;10.826428;sim
1000000;Invertido;Heap Sort;2;1499998;3000000;1.331425;nao
1000000;Invertido;Shell Sort;2;35715034;36000014;20.559656;sim
1000000;Invertido;Bubble Sort;3;499999500000;1499998500000;556480.957764;sim
1000000;Invertido;InsertionSort;3;999999000000;2000000;371667.730965;sim
1000000;Invertido;Selection Sort;3;499999500000;1500000;770739.747444;sim
1000000;Invertido;Merch Sort;3;0;19951424;7.515815;nao
1000000;Invertido;Quick Sort;3;19000036;1500000;11.303979;sim
1000000;Invertido;Heap Sort;3;1499998;3000000;1.415620;nao
1000000;Invertido;Shell Sort;3;35715034;36000014;21.128156;sim
1000000;Aleatorio;Bubble Sort;1;499999233185;749316804156;1115298.272935;sim
1000000;Aleatorio;InsertionSort;1;499545536090;2000000;196762.517198;sim
1000000;Aleatorio;Selection Sort;1;499999500000;2999964;779560.154094;sim
1000000;Aleatorio;Merch Sort;1;0;19951424;6.807728;nao
1000000;Aleatorio;Quick Sort;1;27714834;13977849;84.880928;sim
1000000;Aleatorio;Heap Sort;1;1807317;3921957;3.310543;nao
1000000;Aleatorio;Shell Sort;1;115116449;36000014;125.408295;sim
1000000;Aleatorio;Bubble Sort;2;499999019310;750391364763;1110349.778345;sim
1000000;Aleatorio;InsertionSort;2;500261909822;2000000;183902.007777;sim
1000000;Aleatorio;Selection Sort;2;499999500000;2999949;816003.166255;sim
1000000;Aleatorio;Merch Sort;2;0;19951424;7.119900;nao
1000000;Aleatorio;Quick Sort;2;26536601;14004054;86.126585;sim
1000000;Aleatorio;Heap Sort;2;1806752;3920262;3.373166;nao
1000000;Aleatorio;Shell Sort;2;118679266;36000014;127.805265;sim
1000000;Aleatorio;Bubble Sort;3;499998865499;750474172902;1095105.699896;sim
1000000;Aleatorio;InsertionSort;3;500317115258;2000000;184123.585690;sim
1000000;Aleatorio;Selection Sort;3;499999500000;2999949;775646.857431;sim
1000000;Aleatorio;Merch Sort;3;0;19951424;6.797359;nao
1000000;Aleatorio;Quick Sort;3;26847305;13886748;83.889151;sim
1000000;Aleatorio;Heap Sort;3;1806868;3920610;3.247145;nao
1000000;Aleatorio;Shell Sort;3;115534361;36000014;126.985794;sim
